{
  "id": "zjxqjx3p",
  "name": "Atlanta Developers Conference 2023",
  "date": "2023-03-25T09:00:00",
  "time": "9:00 AM - 5:00 PM",
  "location": "Atlanta, GA",
  "description": "Atlanta Developers Conference is a one-day, single-track conference for developers and designers in the Atlanta area. The conference will be held on March 25, 2023 at the Georgia Tech Hotel and Conference Center.",
  "logo": "/images/logo/atldevcon-logo-Sunset-ROUND.png",
  "registration": "https://www.eventbrite.com/e/atlanta-cloud-conference-2023-registration-445303012297",
  "speakerAPI": "https://sessionize.com/api/v2/b634yqxt/view/Speakers",
  "sessionAPI": "https://sessionize.com/api/v2/b634yqxt/view/Sessions",
  "colors": {
    "light": {
      "primary": "#D68C45",
      "secondary": "#595661",
      "background": "#F4F4F5",
      "foreground": "#FCFFF7",
      "card": "#DFDFE2",
      "accent": "#C9C9CF",
      "text": "#000000"
    },
    "dark": {
      "primary": "#D68C45",
      "secondary": "#595661",
      "background": "#121212",
      "foreground": "#C9C9CF",
      "card": "#2c2c2c",
      "accent": "#9E9EA9",
      "text": "#FFFFFF"
    }
  }
}
